obj,test_mse,test_rmse,train_mse,train_rmse
0.875198126,0.072597131,0.269438548,0.071411088,0.267228532
