obj,test_mse,test_rmse,train_mse,train_rmse
0.746508539,0.050153252,0.223949217,0.049363188,0.222178281
0.7509883046150208,0.050131656229496,0.22390099649062753,0.049380991607904434,0.2222183421950232
